[
    {
        "retailer_id": "flipkart_seller_electronics_1",
        "retailer_name": "Boulanger",
        "retailer_store_name": "Boulanger's Store",
        "contact_info": {
            "email": "thart@example.net",
            "phone": "361.532.2617x92599",
            "address": "69825 Jackson Drive Suite 854\nMercerberg, SD 68872"
        },
        "performance_metrics": {
            "average_rating": 4.8,
            "total_orders": 1999,
            "cancellation_rate": "2%",
            "on_time_delivery_rate": "96%"
        },
        "sellsProducts": [
            "flipkart_electronics_smartphones_35",
            "flipkart_electronics_smartphones_45",
            "flipkart_electronics_smartphones_26",
            "flipkart_electronics_smartphones_10",
            "flipkart_electronics_smartphones_41",
            "flipkart_electronics_laptops_38",
            "flipkart_electronics_laptops_9",
            "flipkart_electronics_laptops_17",
            "flipkart_electronics_laptops_33",
            "flipkart_electronics_laptops_27",
            "flipkart_electronics_tablets_22",
            "flipkart_electronics_tablets_42",
            "flipkart_electronics_tablets_45",
            "flipkart_electronics_tablets_17",
            "flipkart_electronics_tablets_15",
            "flipkart_electronics_smartwatches_38",
            "flipkart_electronics_smartwatches_28",
            "flipkart_electronics_smartwatches_11",
            "flipkart_electronics_smartwatches_25",
            "flipkart_electronics_smartwatches_43",
            "flipkart_electronics_headphones_34",
            "flipkart_electronics_headphones_2",
            "flipkart_electronics_headphones_35",
            "flipkart_electronics_headphones_47",
            "flipkart_electronics_headphones_19",
            "flipkart_electronics_cameras_10",
            "flipkart_electronics_cameras_37",
            "flipkart_electronics_cameras_44",
            "flipkart_electronics_cameras_26",
            "flipkart_electronics_cameras_1",
            "flipkart_electronics_gaming-consoles_3",
            "flipkart_electronics_gaming-consoles_36",
            "flipkart_electronics_gaming-consoles_21",
            "flipkart_electronics_gaming-consoles_10",
            "flipkart_electronics_gaming-consoles_12",
            "flipkart_electronics_drones_29",
            "flipkart_electronics_drones_4",
            "flipkart_electronics_drones_5",
            "flipkart_electronics_drones_18",
            "flipkart_electronics_drones_39",
            "flipkart_electronics_power-banks_12",
            "flipkart_electronics_power-banks_7",
            "flipkart_electronics_power-banks_26",
            "flipkart_electronics_power-banks_27",
            "flipkart_electronics_power-banks_41",
            "flipkart_electronics_smart-home_20",
            "flipkart_electronics_smart-home_18",
            "flipkart_electronics_smart-home_8",
            "flipkart_electronics_smart-home_28",
            "flipkart_electronics_smart-home_38"
        ]
    },
    {
        "retailer_id": "flipkart_seller_electronics_2",
        "retailer_name": "Best Buy",
        "retailer_store_name": "Best Buy's Store",
        "contact_info": {
            "email": "lisa04@example.org",
            "phone": "300.764.1603x0735",
            "address": "495 Danny Flats Suite 052\nRonaldview, TX 83043"
        },
        "performance_metrics": {
            "average_rating": 4.5,
            "total_orders": 4241,
            "cancellation_rate": "8%",
            "on_time_delivery_rate": "93%"
        },
        "sellsProducts": [
            "flipkart_electronics_smartphones_4",
            "flipkart_electronics_smartphones_24",
            "flipkart_electronics_smartphones_19",
            "flipkart_electronics_smartphones_12",
            "flipkart_electronics_smartphones_8",
            "flipkart_electronics_laptops_12",
            "flipkart_electronics_laptops_14",
            "flipkart_electronics_laptops_42",
            "flipkart_electronics_laptops_50",
            "flipkart_electronics_laptops_45",
            "flipkart_electronics_tablets_7",
            "flipkart_electronics_tablets_23",
            "flipkart_electronics_tablets_2",
            "flipkart_electronics_tablets_47",
            "flipkart_electronics_tablets_26",
            "flipkart_electronics_smartwatches_9",
            "flipkart_electronics_smartwatches_2",
            "flipkart_electronics_smartwatches_14",
            "flipkart_electronics_smartwatches_17",
            "flipkart_electronics_smartwatches_48",
            "flipkart_electronics_headphones_16",
            "flipkart_electronics_headphones_39",
            "flipkart_electronics_headphones_49",
            "flipkart_electronics_headphones_41",
            "flipkart_electronics_headphones_15",
            "flipkart_electronics_cameras_41",
            "flipkart_electronics_cameras_20",
            "flipkart_electronics_cameras_9",
            "flipkart_electronics_cameras_5",
            "flipkart_electronics_cameras_48",
            "flipkart_electronics_gaming-consoles_19",
            "flipkart_electronics_gaming-consoles_47",
            "flipkart_electronics_gaming-consoles_13",
            "flipkart_electronics_gaming-consoles_5",
            "flipkart_electronics_gaming-consoles_41",
            "flipkart_electronics_drones_50",
            "flipkart_electronics_drones_16",
            "flipkart_electronics_drones_28",
            "flipkart_electronics_drones_32",
            "flipkart_electronics_drones_23",
            "flipkart_electronics_power-banks_43",
            "flipkart_electronics_power-banks_36",
            "flipkart_electronics_power-banks_25",
            "flipkart_electronics_power-banks_50",
            "flipkart_electronics_power-banks_15",
            "flipkart_electronics_smart-home_14",
            "flipkart_electronics_smart-home_11",
            "flipkart_electronics_smart-home_36",
            "flipkart_electronics_smart-home_42",
            "flipkart_electronics_smart-home_4"
        ]
    },
    {
        "retailer_id": "flipkart_seller_electronics_3",
        "retailer_name": "Fry's Electronics",
        "retailer_store_name": "Fry's Electronics's Store",
        "contact_info": {
            "email": "hillkenneth@example.net",
            "phone": "853.570.3510x58419",
            "address": "216 Sullivan Port Apt. 307\nNorth Melanie, MN 66323"
        },
        "performance_metrics": {
            "average_rating": 3.7,
            "total_orders": 3780,
            "cancellation_rate": "10%",
            "on_time_delivery_rate": "98%"
        },
        "sellsProducts": [
            "flipkart_electronics_smartphones_50",
            "flipkart_electronics_smartphones_36",
            "flipkart_electronics_smartphones_40",
            "flipkart_electronics_smartphones_47",
            "flipkart_electronics_smartphones_2",
            "flipkart_electronics_laptops_19",
            "flipkart_electronics_laptops_43",
            "flipkart_electronics_laptops_47",
            "flipkart_electronics_laptops_39",
            "flipkart_electronics_laptops_22",
            "flipkart_electronics_tablets_18",
            "flipkart_electronics_tablets_13",
            "flipkart_electronics_tablets_36",
            "flipkart_electronics_tablets_30",
            "flipkart_electronics_tablets_21",
            "flipkart_electronics_smartwatches_41",
            "flipkart_electronics_smartwatches_49",
            "flipkart_electronics_smartwatches_6",
            "flipkart_electronics_smartwatches_35",
            "flipkart_electronics_smartwatches_27",
            "flipkart_electronics_headphones_25",
            "flipkart_electronics_headphones_33",
            "flipkart_electronics_headphones_28",
            "flipkart_electronics_headphones_21",
            "flipkart_electronics_headphones_46",
            "flipkart_electronics_cameras_17",
            "flipkart_electronics_cameras_49",
            "flipkart_electronics_cameras_19",
            "flipkart_electronics_cameras_33",
            "flipkart_electronics_cameras_7",
            "flipkart_electronics_gaming-consoles_31",
            "flipkart_electronics_gaming-consoles_34",
            "flipkart_electronics_gaming-consoles_6",
            "flipkart_electronics_gaming-consoles_38",
            "flipkart_electronics_gaming-consoles_8",
            "flipkart_electronics_drones_37",
            "flipkart_electronics_drones_12",
            "flipkart_electronics_drones_34",
            "flipkart_electronics_drones_20",
            "flipkart_electronics_drones_35",
            "flipkart_electronics_power-banks_13",
            "flipkart_electronics_power-banks_23",
            "flipkart_electronics_power-banks_20",
            "flipkart_electronics_power-banks_22",
            "flipkart_electronics_power-banks_39",
            "flipkart_electronics_smart-home_33",
            "flipkart_electronics_smart-home_26",
            "flipkart_electronics_smart-home_1",
            "flipkart_electronics_smart-home_34",
            "flipkart_electronics_smart-home_47"
        ]
    },
    {
        "retailer_id": "flipkart_seller_electronics_4",
        "retailer_name": "Walmart Electronics",
        "retailer_store_name": "Walmart Electronics's Store",
        "contact_info": {
            "email": "gjohnson@example.net",
            "phone": "984.283.8593",
            "address": "0349 Danielle Circles Apt. 638\nAmyville, CA 93912"
        },
        "performance_metrics": {
            "average_rating": 3.6,
            "total_orders": 4324,
            "cancellation_rate": "10%",
            "on_time_delivery_rate": "95%"
        },
        "sellsProducts": [
            "flipkart_electronics_smartphones_7",
            "flipkart_electronics_smartphones_38",
            "flipkart_electronics_smartphones_44",
            "flipkart_electronics_smartphones_15",
            "flipkart_electronics_smartphones_33",
            "flipkart_electronics_laptops_31",
            "flipkart_electronics_laptops_20",
            "flipkart_electronics_laptops_28",
            "flipkart_electronics_laptops_26",
            "flipkart_electronics_laptops_35",
            "flipkart_electronics_tablets_25",
            "flipkart_electronics_tablets_39",
            "flipkart_electronics_tablets_9",
            "flipkart_electronics_tablets_48",
            "flipkart_electronics_tablets_19",
            "flipkart_electronics_smartwatches_7",
            "flipkart_electronics_smartwatches_21",
            "flipkart_electronics_smartwatches_10",
            "flipkart_electronics_smartwatches_44",
            "flipkart_electronics_smartwatches_18",
            "flipkart_electronics_headphones_26",
            "flipkart_electronics_headphones_50",
            "flipkart_electronics_headphones_31",
            "flipkart_electronics_headphones_7",
            "flipkart_electronics_headphones_22",
            "flipkart_electronics_cameras_15",
            "flipkart_electronics_cameras_36",
            "flipkart_electronics_cameras_8",
            "flipkart_electronics_cameras_32",
            "flipkart_electronics_cameras_43",
            "flipkart_electronics_gaming-consoles_20",
            "flipkart_electronics_gaming-consoles_35",
            "flipkart_electronics_gaming-consoles_30",
            "flipkart_electronics_gaming-consoles_14",
            "flipkart_electronics_gaming-consoles_42",
            "flipkart_electronics_drones_21",
            "flipkart_electronics_drones_24",
            "flipkart_electronics_drones_42",
            "flipkart_electronics_drones_26",
            "flipkart_electronics_drones_33",
            "flipkart_electronics_power-banks_33",
            "flipkart_electronics_power-banks_44",
            "flipkart_electronics_power-banks_42",
            "flipkart_electronics_power-banks_37",
            "flipkart_electronics_power-banks_47",
            "flipkart_electronics_smart-home_30",
            "flipkart_electronics_smart-home_6",
            "flipkart_electronics_smart-home_21",
            "flipkart_electronics_smart-home_16",
            "flipkart_electronics_smart-home_19"
        ]
    },
    {
        "retailer_id": "flipkart_seller_electronics_5",
        "retailer_name": "Currys",
        "retailer_store_name": "Currys's Store",
        "contact_info": {
            "email": "allison75@example.net",
            "phone": "639-958-9115",
            "address": "83124 Michael Crest\nMcmillanborough, IA 79575"
        },
        "performance_metrics": {
            "average_rating": 4.6,
            "total_orders": 4821,
            "cancellation_rate": "2%",
            "on_time_delivery_rate": "100%"
        },
        "sellsProducts": [
            "flipkart_electronics_smartphones_43",
            "flipkart_electronics_smartphones_25",
            "flipkart_electronics_smartphones_39",
            "flipkart_electronics_smartphones_5",
            "flipkart_electronics_smartphones_34",
            "flipkart_electronics_laptops_34",
            "flipkart_electronics_laptops_32",
            "flipkart_electronics_laptops_23",
            "flipkart_electronics_laptops_13",
            "flipkart_electronics_laptops_1",
            "flipkart_electronics_tablets_24",
            "flipkart_electronics_tablets_41",
            "flipkart_electronics_tablets_37",
            "flipkart_electronics_tablets_10",
            "flipkart_electronics_tablets_27",
            "flipkart_electronics_smartwatches_20",
            "flipkart_electronics_smartwatches_22",
            "flipkart_electronics_smartwatches_12",
            "flipkart_electronics_smartwatches_34",
            "flipkart_electronics_smartwatches_45",
            "flipkart_electronics_headphones_30",
            "flipkart_electronics_headphones_6",
            "flipkart_electronics_headphones_42",
            "flipkart_electronics_headphones_27",
            "flipkart_electronics_headphones_8",
            "flipkart_electronics_cameras_46",
            "flipkart_electronics_cameras_40",
            "flipkart_electronics_cameras_42",
            "flipkart_electronics_cameras_13",
            "flipkart_electronics_cameras_6",
            "flipkart_electronics_gaming-consoles_40",
            "flipkart_electronics_gaming-consoles_4",
            "flipkart_electronics_gaming-consoles_18",
            "flipkart_electronics_gaming-consoles_25",
            "flipkart_electronics_gaming-consoles_27",
            "flipkart_electronics_drones_2",
            "flipkart_electronics_drones_17",
            "flipkart_electronics_drones_47",
            "flipkart_electronics_drones_14",
            "flipkart_electronics_drones_22",
            "flipkart_electronics_power-banks_16",
            "flipkart_electronics_power-banks_14",
            "flipkart_electronics_power-banks_8",
            "flipkart_electronics_power-banks_18",
            "flipkart_electronics_power-banks_10",
            "flipkart_electronics_smart-home_31",
            "flipkart_electronics_smart-home_3",
            "flipkart_electronics_smart-home_10",
            "flipkart_electronics_smart-home_35",
            "flipkart_electronics_smart-home_37"
        ]
    },
    {
        "retailer_id": "flipkart_seller_electronics_6",
        "retailer_name": "MediaMarkt",
        "retailer_store_name": "MediaMarkt's Store",
        "contact_info": {
            "email": "richardslinda@example.net",
            "phone": "693.398.0624x28376",
            "address": "Unit 9816 Box 6707\nDPO AP 78181"
        },
        "performance_metrics": {
            "average_rating": 4.8,
            "total_orders": 4687,
            "cancellation_rate": "10%",
            "on_time_delivery_rate": "91%"
        },
        "sellsProducts": [
            "flipkart_electronics_smartphones_13",
            "flipkart_electronics_smartphones_37",
            "flipkart_electronics_smartphones_42",
            "flipkart_electronics_smartphones_27",
            "flipkart_electronics_smartphones_16",
            "flipkart_electronics_laptops_24",
            "flipkart_electronics_laptops_29",
            "flipkart_electronics_laptops_11",
            "flipkart_electronics_laptops_46",
            "flipkart_electronics_laptops_4",
            "flipkart_electronics_tablets_4",
            "flipkart_electronics_tablets_38",
            "flipkart_electronics_tablets_32",
            "flipkart_electronics_tablets_3",
            "flipkart_electronics_tablets_49",
            "flipkart_electronics_smartwatches_16",
            "flipkart_electronics_smartwatches_37",
            "flipkart_electronics_smartwatches_33",
            "flipkart_electronics_smartwatches_47",
            "flipkart_electronics_smartwatches_46",
            "flipkart_electronics_headphones_9",
            "flipkart_electronics_headphones_17",
            "flipkart_electronics_headphones_37",
            "flipkart_electronics_headphones_29",
            "flipkart_electronics_headphones_11",
            "flipkart_electronics_cameras_39",
            "flipkart_electronics_cameras_25",
            "flipkart_electronics_cameras_27",
            "flipkart_electronics_cameras_38",
            "flipkart_electronics_cameras_31",
            "flipkart_electronics_gaming-consoles_37",
            "flipkart_electronics_gaming-consoles_43",
            "flipkart_electronics_gaming-consoles_50",
            "flipkart_electronics_gaming-consoles_2",
            "flipkart_electronics_gaming-consoles_49",
            "flipkart_electronics_drones_7",
            "flipkart_electronics_drones_30",
            "flipkart_electronics_drones_15",
            "flipkart_electronics_drones_43",
            "flipkart_electronics_drones_46",
            "flipkart_electronics_power-banks_48",
            "flipkart_electronics_power-banks_24",
            "flipkart_electronics_power-banks_46",
            "flipkart_electronics_power-banks_19",
            "flipkart_electronics_power-banks_17",
            "flipkart_electronics_smart-home_39",
            "flipkart_electronics_smart-home_25",
            "flipkart_electronics_smart-home_7",
            "flipkart_electronics_smart-home_9",
            "flipkart_electronics_smart-home_15"
        ]
    },
    {
        "retailer_id": "flipkart_seller_electronics_7",
        "retailer_name": "Fnac",
        "retailer_store_name": "Fnac's Store",
        "contact_info": {
            "email": "fwhite@example.com",
            "phone": "936-359-6041",
            "address": "8361 Erica Shoal\nEast Teresabury, FM 12902"
        },
        "performance_metrics": {
            "average_rating": 4.6,
            "total_orders": 811,
            "cancellation_rate": "10%",
            "on_time_delivery_rate": "95%"
        },
        "sellsProducts": [
            "flipkart_electronics_smartphones_23",
            "flipkart_electronics_smartphones_21",
            "flipkart_electronics_smartphones_32",
            "flipkart_electronics_smartphones_46",
            "flipkart_electronics_smartphones_49",
            "flipkart_electronics_laptops_21",
            "flipkart_electronics_laptops_10",
            "flipkart_electronics_laptops_44",
            "flipkart_electronics_laptops_30",
            "flipkart_electronics_laptops_5",
            "flipkart_electronics_tablets_29",
            "flipkart_electronics_tablets_35",
            "flipkart_electronics_tablets_8",
            "flipkart_electronics_tablets_33",
            "flipkart_electronics_tablets_11",
            "flipkart_electronics_smartwatches_13",
            "flipkart_electronics_smartwatches_39",
            "flipkart_electronics_smartwatches_40",
            "flipkart_electronics_smartwatches_23",
            "flipkart_electronics_smartwatches_1",
            "flipkart_electronics_headphones_5",
            "flipkart_electronics_headphones_23",
            "flipkart_electronics_headphones_1",
            "flipkart_electronics_headphones_24",
            "flipkart_electronics_headphones_13",
            "flipkart_electronics_cameras_23",
            "flipkart_electronics_cameras_47",
            "flipkart_electronics_cameras_2",
            "flipkart_electronics_cameras_14",
            "flipkart_electronics_cameras_29",
            "flipkart_electronics_gaming-consoles_46",
            "flipkart_electronics_gaming-consoles_23",
            "flipkart_electronics_gaming-consoles_48",
            "flipkart_electronics_gaming-consoles_24",
            "flipkart_electronics_gaming-consoles_7",
            "flipkart_electronics_drones_44",
            "flipkart_electronics_drones_9",
            "flipkart_electronics_drones_36",
            "flipkart_electronics_drones_3",
            "flipkart_electronics_drones_49",
            "flipkart_electronics_power-banks_4",
            "flipkart_electronics_power-banks_1",
            "flipkart_electronics_power-banks_38",
            "flipkart_electronics_power-banks_45",
            "flipkart_electronics_power-banks_6",
            "flipkart_electronics_smart-home_2",
            "flipkart_electronics_smart-home_40",
            "flipkart_electronics_smart-home_50",
            "flipkart_electronics_smart-home_12",
            "flipkart_electronics_smart-home_32"
        ]
    },
    {
        "retailer_id": "flipkart_seller_electronics_8",
        "retailer_name": "PC World",
        "retailer_store_name": "PC World's Store",
        "contact_info": {
            "email": "iwinters@example.com",
            "phone": "(760)409-1569x7404",
            "address": "452 Denise Grove Suite 198\nLopezchester, GU 17251"
        },
        "performance_metrics": {
            "average_rating": 4.8,
            "total_orders": 4345,
            "cancellation_rate": "3%",
            "on_time_delivery_rate": "90%"
        },
        "sellsProducts": [
            "flipkart_electronics_smartphones_18",
            "flipkart_electronics_smartphones_6",
            "flipkart_electronics_smartphones_48",
            "flipkart_electronics_smartphones_3",
            "flipkart_electronics_smartphones_9",
            "flipkart_electronics_laptops_49",
            "flipkart_electronics_laptops_15",
            "flipkart_electronics_laptops_40",
            "flipkart_electronics_laptops_37",
            "flipkart_electronics_laptops_7",
            "flipkart_electronics_tablets_34",
            "flipkart_electronics_tablets_28",
            "flipkart_electronics_tablets_43",
            "flipkart_electronics_tablets_5",
            "flipkart_electronics_tablets_6",
            "flipkart_electronics_smartwatches_32",
            "flipkart_electronics_smartwatches_42",
            "flipkart_electronics_smartwatches_29",
            "flipkart_electronics_smartwatches_19",
            "flipkart_electronics_smartwatches_26",
            "flipkart_electronics_headphones_38",
            "flipkart_electronics_headphones_4",
            "flipkart_electronics_headphones_45",
            "flipkart_electronics_headphones_32",
            "flipkart_electronics_headphones_43",
            "flipkart_electronics_cameras_45",
            "flipkart_electronics_cameras_22",
            "flipkart_electronics_cameras_34",
            "flipkart_electronics_cameras_30",
            "flipkart_electronics_cameras_18",
            "flipkart_electronics_gaming-consoles_39",
            "flipkart_electronics_gaming-consoles_44",
            "flipkart_electronics_gaming-consoles_29",
            "flipkart_electronics_gaming-consoles_22",
            "flipkart_electronics_gaming-consoles_9",
            "flipkart_electronics_drones_11",
            "flipkart_electronics_drones_48",
            "flipkart_electronics_drones_41",
            "flipkart_electronics_drones_25",
            "flipkart_electronics_drones_19",
            "flipkart_electronics_power-banks_32",
            "flipkart_electronics_power-banks_11",
            "flipkart_electronics_power-banks_34",
            "flipkart_electronics_power-banks_21",
            "flipkart_electronics_power-banks_30",
            "flipkart_electronics_smart-home_46",
            "flipkart_electronics_smart-home_5",
            "flipkart_electronics_smart-home_48",
            "flipkart_electronics_smart-home_44",
            "flipkart_electronics_smart-home_27"
        ]
    },
    {
        "retailer_id": "flipkart_seller_electronics_9",
        "retailer_name": "Best Denki",
        "retailer_store_name": "Best Denki's Store",
        "contact_info": {
            "email": "quinnmichael@example.org",
            "phone": "(681)998-7737",
            "address": "6051 Proctor Trail\nPort Patrick, FM 77351"
        },
        "performance_metrics": {
            "average_rating": 4.3,
            "total_orders": 2658,
            "cancellation_rate": "3%",
            "on_time_delivery_rate": "92%"
        },
        "sellsProducts": [
            "flipkart_electronics_smartphones_28",
            "flipkart_electronics_smartphones_30",
            "flipkart_electronics_smartphones_11",
            "flipkart_electronics_smartphones_20",
            "flipkart_electronics_smartphones_29",
            "flipkart_electronics_laptops_18",
            "flipkart_electronics_laptops_41",
            "flipkart_electronics_laptops_8",
            "flipkart_electronics_laptops_2",
            "flipkart_electronics_laptops_25",
            "flipkart_electronics_tablets_31",
            "flipkart_electronics_tablets_46",
            "flipkart_electronics_tablets_50",
            "flipkart_electronics_tablets_40",
            "flipkart_electronics_tablets_44",
            "flipkart_electronics_smartwatches_31",
            "flipkart_electronics_smartwatches_50",
            "flipkart_electronics_smartwatches_4",
            "flipkart_electronics_smartwatches_3",
            "flipkart_electronics_smartwatches_24",
            "flipkart_electronics_headphones_48",
            "flipkart_electronics_headphones_18",
            "flipkart_electronics_headphones_40",
            "flipkart_electronics_headphones_12",
            "flipkart_electronics_headphones_3",
            "flipkart_electronics_cameras_3",
            "flipkart_electronics_cameras_11",
            "flipkart_electronics_cameras_24",
            "flipkart_electronics_cameras_12",
            "flipkart_electronics_cameras_35",
            "flipkart_electronics_gaming-consoles_28",
            "flipkart_electronics_gaming-consoles_11",
            "flipkart_electronics_gaming-consoles_26",
            "flipkart_electronics_gaming-consoles_45",
            "flipkart_electronics_gaming-consoles_1",
            "flipkart_electronics_drones_13",
            "flipkart_electronics_drones_6",
            "flipkart_electronics_drones_40",
            "flipkart_electronics_drones_45",
            "flipkart_electronics_drones_8",
            "flipkart_electronics_power-banks_28",
            "flipkart_electronics_power-banks_3",
            "flipkart_electronics_power-banks_31",
            "flipkart_electronics_power-banks_40",
            "flipkart_electronics_power-banks_29",
            "flipkart_electronics_smart-home_29",
            "flipkart_electronics_smart-home_43",
            "flipkart_electronics_smart-home_13",
            "flipkart_electronics_smart-home_17",
            "flipkart_electronics_smart-home_22"
        ]
    },
    {
        "retailer_id": "flipkart_seller_electronics_10",
        "retailer_name": "Target Electronics",
        "retailer_store_name": "Target Electronics's Store",
        "contact_info": {
            "email": "nturner@example.com",
            "phone": "880-424-5935",
            "address": "9168 Leslie Forge Apt. 548\nJoshuahaven, MI 85827"
        },
        "performance_metrics": {
            "average_rating": 4.7,
            "total_orders": 588,
            "cancellation_rate": "1%",
            "on_time_delivery_rate": "98%"
        },
        "sellsProducts": [
            "flipkart_electronics_smartphones_14",
            "flipkart_electronics_smartphones_1",
            "flipkart_electronics_smartphones_17",
            "flipkart_electronics_smartphones_31",
            "flipkart_electronics_smartphones_22",
            "flipkart_electronics_laptops_16",
            "flipkart_electronics_laptops_6",
            "flipkart_electronics_laptops_48",
            "flipkart_electronics_laptops_36",
            "flipkart_electronics_laptops_3",
            "flipkart_electronics_tablets_16",
            "flipkart_electronics_tablets_14",
            "flipkart_electronics_tablets_12",
            "flipkart_electronics_tablets_1",
            "flipkart_electronics_tablets_20",
            "flipkart_electronics_smartwatches_36",
            "flipkart_electronics_smartwatches_5",
            "flipkart_electronics_smartwatches_30",
            "flipkart_electronics_smartwatches_8",
            "flipkart_electronics_smartwatches_15",
            "flipkart_electronics_headphones_14",
            "flipkart_electronics_headphones_10",
            "flipkart_electronics_headphones_44",
            "flipkart_electronics_headphones_36",
            "flipkart_electronics_headphones_20",
            "flipkart_electronics_cameras_16",
            "flipkart_electronics_cameras_28",
            "flipkart_electronics_cameras_4",
            "flipkart_electronics_cameras_21",
            "flipkart_electronics_cameras_50",
            "flipkart_electronics_gaming-consoles_15",
            "flipkart_electronics_gaming-consoles_32",
            "flipkart_electronics_gaming-consoles_17",
            "flipkart_electronics_gaming-consoles_16",
            "flipkart_electronics_gaming-consoles_33",
            "flipkart_electronics_drones_1",
            "flipkart_electronics_drones_27",
            "flipkart_electronics_drones_10",
            "flipkart_electronics_drones_31",
            "flipkart_electronics_drones_38",
            "flipkart_electronics_power-banks_5",
            "flipkart_electronics_power-banks_9",
            "flipkart_electronics_power-banks_2",
            "flipkart_electronics_power-banks_35",
            "flipkart_electronics_power-banks_49",
            "flipkart_electronics_smart-home_49",
            "flipkart_electronics_smart-home_45",
            "flipkart_electronics_smart-home_41",
            "flipkart_electronics_smart-home_23",
            "flipkart_electronics_smart-home_24"
        ]
    }
]