[
    {
        "seller_id": "amazon_seller_electronics_1",
        "seller_name": "Reliance Digital",
        "store_name": "Reliance Digital's Store",
        "contact_info": {
            "email": "urivera@example.net",
            "phone": "917-311-3744x839",
            "address": "25409 Melanie Cliff Suite 873\nWest Steven, MO 21372"
        },
        "performance_metrics": {
            "average_rating": 3.6,
            "total_orders": 2142,
            "cancellation_rate": "3%",
            "on_time_delivery_rate": "99%"
        },
        "sellsProducts": [
            "amazon_electronics_smartphones_20",
            "amazon_electronics_smartphones_42",
            "amazon_electronics_smartphones_48",
            "amazon_electronics_smartphones_27",
            "amazon_electronics_smartphones_40",
            "amazon_electronics_laptops_23",
            "amazon_electronics_laptops_1",
            "amazon_electronics_laptops_4",
            "amazon_electronics_laptops_34",
            "amazon_electronics_laptops_48",
            "amazon_electronics_tablets_26",
            "amazon_electronics_tablets_8",
            "amazon_electronics_tablets_23",
            "amazon_electronics_tablets_36",
            "amazon_electronics_tablets_28",
            "amazon_electronics_smartwatches_38",
            "amazon_electronics_smartwatches_29",
            "amazon_electronics_smartwatches_14",
            "amazon_electronics_smartwatches_21",
            "amazon_electronics_smartwatches_34",
            "amazon_electronics_headphones_41",
            "amazon_electronics_headphones_20",
            "amazon_electronics_headphones_1",
            "amazon_electronics_headphones_21",
            "amazon_electronics_headphones_26",
            "amazon_electronics_cameras_19",
            "amazon_electronics_cameras_37",
            "amazon_electronics_cameras_39",
            "amazon_electronics_cameras_23",
            "amazon_electronics_cameras_16",
            "amazon_electronics_gaming-consoles_16",
            "amazon_electronics_gaming-consoles_29",
            "amazon_electronics_gaming-consoles_40",
            "amazon_electronics_gaming-consoles_43",
            "amazon_electronics_gaming-consoles_37",
            "amazon_electronics_drones_14",
            "amazon_electronics_drones_27",
            "amazon_electronics_drones_15",
            "amazon_electronics_drones_6",
            "amazon_electronics_drones_50",
            "amazon_electronics_power-banks_2",
            "amazon_electronics_power-banks_24",
            "amazon_electronics_power-banks_6",
            "amazon_electronics_power-banks_13",
            "amazon_electronics_power-banks_35",
            "amazon_electronics_smart-home_15",
            "amazon_electronics_smart-home_30",
            "amazon_electronics_smart-home_12",
            "amazon_electronics_smart-home_26",
            "amazon_electronics_smart-home_36"
        ]
    },
    {
        "seller_id": "amazon_seller_electronics_2",
        "seller_name": "Croma",
        "store_name": "Croma's Store",
        "contact_info": {
            "email": "amanda09@example.org",
            "phone": "001-256-724-6264x381",
            "address": "49761 Knapp Shoal Suite 146\nLake Chadburgh, MT 74987"
        },
        "performance_metrics": {
            "average_rating": 4.9,
            "total_orders": 1897,
            "cancellation_rate": "9%",
            "on_time_delivery_rate": "94%"
        },
        "sellsProducts": [
            "amazon_electronics_smartphones_13",
            "amazon_electronics_smartphones_21",
            "amazon_electronics_smartphones_32",
            "amazon_electronics_smartphones_5",
            "amazon_electronics_smartphones_18",
            "amazon_electronics_laptops_40",
            "amazon_electronics_laptops_22",
            "amazon_electronics_laptops_25",
            "amazon_electronics_laptops_20",
            "amazon_electronics_laptops_30",
            "amazon_electronics_tablets_41",
            "amazon_electronics_tablets_37",
            "amazon_electronics_tablets_43",
            "amazon_electronics_tablets_22",
            "amazon_electronics_tablets_47",
            "amazon_electronics_smartwatches_16",
            "amazon_electronics_smartwatches_23",
            "amazon_electronics_smartwatches_43",
            "amazon_electronics_smartwatches_8",
            "amazon_electronics_smartwatches_37",
            "amazon_electronics_headphones_19",
            "amazon_electronics_headphones_47",
            "amazon_electronics_headphones_45",
            "amazon_electronics_headphones_15",
            "amazon_electronics_headphones_14",
            "amazon_electronics_cameras_47",
            "amazon_electronics_cameras_11",
            "amazon_electronics_cameras_15",
            "amazon_electronics_cameras_49",
            "amazon_electronics_cameras_40",
            "amazon_electronics_gaming-consoles_11",
            "amazon_electronics_gaming-consoles_17",
            "amazon_electronics_gaming-consoles_47",
            "amazon_electronics_gaming-consoles_30",
            "amazon_electronics_gaming-consoles_41",
            "amazon_electronics_drones_22",
            "amazon_electronics_drones_10",
            "amazon_electronics_drones_23",
            "amazon_electronics_drones_36",
            "amazon_electronics_drones_1",
            "amazon_electronics_power-banks_30",
            "amazon_electronics_power-banks_34",
            "amazon_electronics_power-banks_46",
            "amazon_electronics_power-banks_33",
            "amazon_electronics_power-banks_21",
            "amazon_electronics_smart-home_1",
            "amazon_electronics_smart-home_49",
            "amazon_electronics_smart-home_33",
            "amazon_electronics_smart-home_46",
            "amazon_electronics_smart-home_50"
        ]
    },
    {
        "seller_id": "amazon_seller_electronics_3",
        "seller_name": "Vijay Sales",
        "store_name": "Vijay Sales's Store",
        "contact_info": {
            "email": "butlermarie@example.com",
            "phone": "(461)361-5210x60969",
            "address": "65843 Jessica Well Apt. 965\nLeeport, OK 69709"
        },
        "performance_metrics": {
            "average_rating": 4.7,
            "total_orders": 4825,
            "cancellation_rate": "8%",
            "on_time_delivery_rate": "94%"
        },
        "sellsProducts": [
            "amazon_electronics_smartphones_30",
            "amazon_electronics_smartphones_8",
            "amazon_electronics_smartphones_12",
            "amazon_electronics_smartphones_1",
            "amazon_electronics_smartphones_46",
            "amazon_electronics_laptops_43",
            "amazon_electronics_laptops_36",
            "amazon_electronics_laptops_38",
            "amazon_electronics_laptops_19",
            "amazon_electronics_laptops_49",
            "amazon_electronics_tablets_1",
            "amazon_electronics_tablets_11",
            "amazon_electronics_tablets_39",
            "amazon_electronics_tablets_24",
            "amazon_electronics_tablets_2",
            "amazon_electronics_smartwatches_48",
            "amazon_electronics_smartwatches_6",
            "amazon_electronics_smartwatches_42",
            "amazon_electronics_smartwatches_5",
            "amazon_electronics_smartwatches_39",
            "amazon_electronics_headphones_25",
            "amazon_electronics_headphones_43",
            "amazon_electronics_headphones_13",
            "amazon_electronics_headphones_22",
            "amazon_electronics_headphones_33",
            "amazon_electronics_cameras_25",
            "amazon_electronics_cameras_26",
            "amazon_electronics_cameras_21",
            "amazon_electronics_cameras_24",
            "amazon_electronics_cameras_33",
            "amazon_electronics_gaming-consoles_45",
            "amazon_electronics_gaming-consoles_5",
            "amazon_electronics_gaming-consoles_22",
            "amazon_electronics_gaming-consoles_46",
            "amazon_electronics_gaming-consoles_25",
            "amazon_electronics_drones_30",
            "amazon_electronics_drones_39",
            "amazon_electronics_drones_7",
            "amazon_electronics_drones_49",
            "amazon_electronics_drones_44",
            "amazon_electronics_power-banks_43",
            "amazon_electronics_power-banks_9",
            "amazon_electronics_power-banks_28",
            "amazon_electronics_power-banks_42",
            "amazon_electronics_power-banks_29",
            "amazon_electronics_smart-home_44",
            "amazon_electronics_smart-home_48",
            "amazon_electronics_smart-home_2",
            "amazon_electronics_smart-home_23",
            "amazon_electronics_smart-home_5"
        ]
    },
    {
        "seller_id": "amazon_seller_electronics_4",
        "seller_name": "Poorvika Mobiles",
        "store_name": "Poorvika Mobiles's Store",
        "contact_info": {
            "email": "bjones@example.net",
            "phone": "965-567-6987",
            "address": "7725 Margaret Loaf\nLake Chadville, OK 86324"
        },
        "performance_metrics": {
            "average_rating": 4.6,
            "total_orders": 831,
            "cancellation_rate": "6%",
            "on_time_delivery_rate": "91%"
        },
        "sellsProducts": [
            "amazon_electronics_smartphones_3",
            "amazon_electronics_smartphones_44",
            "amazon_electronics_smartphones_41",
            "amazon_electronics_smartphones_50",
            "amazon_electronics_smartphones_14",
            "amazon_electronics_laptops_32",
            "amazon_electronics_laptops_44",
            "amazon_electronics_laptops_35",
            "amazon_electronics_laptops_5",
            "amazon_electronics_laptops_41",
            "amazon_electronics_tablets_15",
            "amazon_electronics_tablets_16",
            "amazon_electronics_tablets_19",
            "amazon_electronics_tablets_42",
            "amazon_electronics_tablets_25",
            "amazon_electronics_smartwatches_41",
            "amazon_electronics_smartwatches_17",
            "amazon_electronics_smartwatches_19",
            "amazon_electronics_smartwatches_33",
            "amazon_electronics_smartwatches_22",
            "amazon_electronics_headphones_34",
            "amazon_electronics_headphones_8",
            "amazon_electronics_headphones_42",
            "amazon_electronics_headphones_9",
            "amazon_electronics_headphones_46",
            "amazon_electronics_cameras_13",
            "amazon_electronics_cameras_32",
            "amazon_electronics_cameras_22",
            "amazon_electronics_cameras_14",
            "amazon_electronics_cameras_42",
            "amazon_electronics_gaming-consoles_27",
            "amazon_electronics_gaming-consoles_1",
            "amazon_electronics_gaming-consoles_4",
            "amazon_electronics_gaming-consoles_21",
            "amazon_electronics_gaming-consoles_50",
            "amazon_electronics_drones_3",
            "amazon_electronics_drones_34",
            "amazon_electronics_drones_48",
            "amazon_electronics_drones_24",
            "amazon_electronics_drones_41",
            "amazon_electronics_power-banks_12",
            "amazon_electronics_power-banks_47",
            "amazon_electronics_power-banks_25",
            "amazon_electronics_power-banks_5",
            "amazon_electronics_power-banks_18",
            "amazon_electronics_smart-home_40",
            "amazon_electronics_smart-home_14",
            "amazon_electronics_smart-home_37",
            "amazon_electronics_smart-home_6",
            "amazon_electronics_smart-home_24"
        ]
    },
    {
        "seller_id": "amazon_seller_electronics_5",
        "seller_name": "Lotus Electronics",
        "store_name": "Lotus Electronics's Store",
        "contact_info": {
            "email": "ilang@example.com",
            "phone": "568-960-0958",
            "address": "94321 Carter Club\nMarcton, MN 56916"
        },
        "performance_metrics": {
            "average_rating": 4.8,
            "total_orders": 2351,
            "cancellation_rate": "7%",
            "on_time_delivery_rate": "90%"
        },
        "sellsProducts": [
            "amazon_electronics_smartphones_28",
            "amazon_electronics_smartphones_49",
            "amazon_electronics_smartphones_22",
            "amazon_electronics_smartphones_38",
            "amazon_electronics_smartphones_25",
            "amazon_electronics_laptops_17",
            "amazon_electronics_laptops_42",
            "amazon_electronics_laptops_16",
            "amazon_electronics_laptops_37",
            "amazon_electronics_laptops_13",
            "amazon_electronics_tablets_3",
            "amazon_electronics_tablets_4",
            "amazon_electronics_tablets_6",
            "amazon_electronics_tablets_12",
            "amazon_electronics_tablets_17",
            "amazon_electronics_smartwatches_1",
            "amazon_electronics_smartwatches_49",
            "amazon_electronics_smartwatches_35",
            "amazon_electronics_smartwatches_32",
            "amazon_electronics_smartwatches_40",
            "amazon_electronics_headphones_23",
            "amazon_electronics_headphones_3",
            "amazon_electronics_headphones_36",
            "amazon_electronics_headphones_5",
            "amazon_electronics_headphones_28",
            "amazon_electronics_cameras_18",
            "amazon_electronics_cameras_27",
            "amazon_electronics_cameras_3",
            "amazon_electronics_cameras_6",
            "amazon_electronics_cameras_30",
            "amazon_electronics_gaming-consoles_24",
            "amazon_electronics_gaming-consoles_14",
            "amazon_electronics_gaming-consoles_32",
            "amazon_electronics_gaming-consoles_42",
            "amazon_electronics_gaming-consoles_20",
            "amazon_electronics_drones_45",
            "amazon_electronics_drones_25",
            "amazon_electronics_drones_26",
            "amazon_electronics_drones_38",
            "amazon_electronics_drones_8",
            "amazon_electronics_power-banks_22",
            "amazon_electronics_power-banks_31",
            "amazon_electronics_power-banks_37",
            "amazon_electronics_power-banks_1",
            "amazon_electronics_power-banks_16",
            "amazon_electronics_smart-home_10",
            "amazon_electronics_smart-home_11",
            "amazon_electronics_smart-home_28",
            "amazon_electronics_smart-home_41",
            "amazon_electronics_smart-home_18"
        ]
    },
    {
        "seller_id": "amazon_seller_electronics_6",
        "seller_name": "Elkj\u00f8p",
        "store_name": "Elkj\u00f8p's Store",
        "contact_info": {
            "email": "fbrown@example.com",
            "phone": "974.421.8671x5819",
            "address": "9429 Raymond Well\nWest Nicole, LA 75745"
        },
        "performance_metrics": {
            "average_rating": 4.6,
            "total_orders": 3858,
            "cancellation_rate": "6%",
            "on_time_delivery_rate": "91%"
        },
        "sellsProducts": [
            "amazon_electronics_smartphones_24",
            "amazon_electronics_smartphones_35",
            "amazon_electronics_smartphones_26",
            "amazon_electronics_smartphones_4",
            "amazon_electronics_smartphones_36",
            "amazon_electronics_laptops_3",
            "amazon_electronics_laptops_6",
            "amazon_electronics_laptops_39",
            "amazon_electronics_laptops_31",
            "amazon_electronics_laptops_45",
            "amazon_electronics_tablets_34",
            "amazon_electronics_tablets_30",
            "amazon_electronics_tablets_45",
            "amazon_electronics_tablets_21",
            "amazon_electronics_tablets_14",
            "amazon_electronics_smartwatches_46",
            "amazon_electronics_smartwatches_44",
            "amazon_electronics_smartwatches_4",
            "amazon_electronics_smartwatches_10",
            "amazon_electronics_smartwatches_36",
            "amazon_electronics_headphones_27",
            "amazon_electronics_headphones_49",
            "amazon_electronics_headphones_12",
            "amazon_electronics_headphones_39",
            "amazon_electronics_headphones_40",
            "amazon_electronics_cameras_35",
            "amazon_electronics_cameras_31",
            "amazon_electronics_cameras_38",
            "amazon_electronics_cameras_9",
            "amazon_electronics_cameras_7",
            "amazon_electronics_gaming-consoles_9",
            "amazon_electronics_gaming-consoles_34",
            "amazon_electronics_gaming-consoles_2",
            "amazon_electronics_gaming-consoles_36",
            "amazon_electronics_gaming-consoles_28",
            "amazon_electronics_drones_40",
            "amazon_electronics_drones_35",
            "amazon_electronics_drones_2",
            "amazon_electronics_drones_31",
            "amazon_electronics_drones_4",
            "amazon_electronics_power-banks_48",
            "amazon_electronics_power-banks_44",
            "amazon_electronics_power-banks_14",
            "amazon_electronics_power-banks_23",
            "amazon_electronics_power-banks_36",
            "amazon_electronics_smart-home_9",
            "amazon_electronics_smart-home_16",
            "amazon_electronics_smart-home_13",
            "amazon_electronics_smart-home_38",
            "amazon_electronics_smart-home_32"
        ]
    },
    {
        "seller_id": "amazon_seller_electronics_7",
        "seller_name": "Power",
        "store_name": "Power's Store",
        "contact_info": {
            "email": "aburton@example.com",
            "phone": "(341)304-4123x632",
            "address": "PSC 1177, Box 7983\nAPO AE 54325"
        },
        "performance_metrics": {
            "average_rating": 3.5,
            "total_orders": 1464,
            "cancellation_rate": "8%",
            "on_time_delivery_rate": "98%"
        },
        "sellsProducts": [
            "amazon_electronics_smartphones_23",
            "amazon_electronics_smartphones_43",
            "amazon_electronics_smartphones_45",
            "amazon_electronics_smartphones_10",
            "amazon_electronics_smartphones_9",
            "amazon_electronics_laptops_7",
            "amazon_electronics_laptops_46",
            "amazon_electronics_laptops_47",
            "amazon_electronics_laptops_29",
            "amazon_electronics_laptops_2",
            "amazon_electronics_tablets_18",
            "amazon_electronics_tablets_38",
            "amazon_electronics_tablets_20",
            "amazon_electronics_tablets_44",
            "amazon_electronics_tablets_35",
            "amazon_electronics_smartwatches_2",
            "amazon_electronics_smartwatches_11",
            "amazon_electronics_smartwatches_18",
            "amazon_electronics_smartwatches_30",
            "amazon_electronics_smartwatches_13",
            "amazon_electronics_headphones_30",
            "amazon_electronics_headphones_10",
            "amazon_electronics_headphones_31",
            "amazon_electronics_headphones_7",
            "amazon_electronics_headphones_44",
            "amazon_electronics_cameras_36",
            "amazon_electronics_cameras_12",
            "amazon_electronics_cameras_29",
            "amazon_electronics_cameras_44",
            "amazon_electronics_cameras_20",
            "amazon_electronics_gaming-consoles_44",
            "amazon_electronics_gaming-consoles_48",
            "amazon_electronics_gaming-consoles_39",
            "amazon_electronics_gaming-consoles_23",
            "amazon_electronics_gaming-consoles_3",
            "amazon_electronics_drones_18",
            "amazon_electronics_drones_12",
            "amazon_electronics_drones_29",
            "amazon_electronics_drones_46",
            "amazon_electronics_drones_17",
            "amazon_electronics_power-banks_7",
            "amazon_electronics_power-banks_10",
            "amazon_electronics_power-banks_20",
            "amazon_electronics_power-banks_39",
            "amazon_electronics_power-banks_41",
            "amazon_electronics_smart-home_25",
            "amazon_electronics_smart-home_7",
            "amazon_electronics_smart-home_39",
            "amazon_electronics_smart-home_19",
            "amazon_electronics_smart-home_27"
        ]
    },
    {
        "seller_id": "amazon_seller_electronics_8",
        "seller_name": "Saturn",
        "store_name": "Saturn's Store",
        "contact_info": {
            "email": "kholmes@example.net",
            "phone": "(500)553-3879",
            "address": "USNS Shaw\nFPO AA 99431"
        },
        "performance_metrics": {
            "average_rating": 4.4,
            "total_orders": 2178,
            "cancellation_rate": "10%",
            "on_time_delivery_rate": "95%"
        },
        "sellsProducts": [
            "amazon_electronics_smartphones_6",
            "amazon_electronics_smartphones_34",
            "amazon_electronics_smartphones_7",
            "amazon_electronics_smartphones_19",
            "amazon_electronics_smartphones_11",
            "amazon_electronics_laptops_9",
            "amazon_electronics_laptops_26",
            "amazon_electronics_laptops_18",
            "amazon_electronics_laptops_12",
            "amazon_electronics_laptops_15",
            "amazon_electronics_tablets_50",
            "amazon_electronics_tablets_10",
            "amazon_electronics_tablets_7",
            "amazon_electronics_tablets_31",
            "amazon_electronics_tablets_5",
            "amazon_electronics_smartwatches_27",
            "amazon_electronics_smartwatches_45",
            "amazon_electronics_smartwatches_3",
            "amazon_electronics_smartwatches_26",
            "amazon_electronics_smartwatches_47",
            "amazon_electronics_headphones_18",
            "amazon_electronics_headphones_29",
            "amazon_electronics_headphones_11",
            "amazon_electronics_headphones_32",
            "amazon_electronics_headphones_16",
            "amazon_electronics_cameras_41",
            "amazon_electronics_cameras_34",
            "amazon_electronics_cameras_45",
            "amazon_electronics_cameras_28",
            "amazon_electronics_cameras_1",
            "amazon_electronics_gaming-consoles_8",
            "amazon_electronics_gaming-consoles_19",
            "amazon_electronics_gaming-consoles_38",
            "amazon_electronics_gaming-consoles_13",
            "amazon_electronics_gaming-consoles_31",
            "amazon_electronics_drones_9",
            "amazon_electronics_drones_16",
            "amazon_electronics_drones_5",
            "amazon_electronics_drones_47",
            "amazon_electronics_drones_20",
            "amazon_electronics_power-banks_19",
            "amazon_electronics_power-banks_27",
            "amazon_electronics_power-banks_8",
            "amazon_electronics_power-banks_3",
            "amazon_electronics_power-banks_26",
            "amazon_electronics_smart-home_22",
            "amazon_electronics_smart-home_43",
            "amazon_electronics_smart-home_17",
            "amazon_electronics_smart-home_20",
            "amazon_electronics_smart-home_21"
        ]
    },
    {
        "seller_id": "amazon_seller_electronics_9",
        "seller_name": "Harvey Norman",
        "store_name": "Harvey Norman's Store",
        "contact_info": {
            "email": "mfreeman@example.com",
            "phone": "+1-348-342-5379x255",
            "address": "327 Perez Parks Apt. 160\nHarrisonbury, GA 68477"
        },
        "performance_metrics": {
            "average_rating": 4.5,
            "total_orders": 1414,
            "cancellation_rate": "3%",
            "on_time_delivery_rate": "92%"
        },
        "sellsProducts": [
            "amazon_electronics_smartphones_31",
            "amazon_electronics_smartphones_29",
            "amazon_electronics_smartphones_39",
            "amazon_electronics_smartphones_17",
            "amazon_electronics_smartphones_33",
            "amazon_electronics_laptops_8",
            "amazon_electronics_laptops_28",
            "amazon_electronics_laptops_33",
            "amazon_electronics_laptops_27",
            "amazon_electronics_laptops_11",
            "amazon_electronics_tablets_49",
            "amazon_electronics_tablets_13",
            "amazon_electronics_tablets_27",
            "amazon_electronics_tablets_46",
            "amazon_electronics_tablets_29",
            "amazon_electronics_smartwatches_15",
            "amazon_electronics_smartwatches_28",
            "amazon_electronics_smartwatches_24",
            "amazon_electronics_smartwatches_7",
            "amazon_electronics_smartwatches_50",
            "amazon_electronics_headphones_24",
            "amazon_electronics_headphones_6",
            "amazon_electronics_headphones_38",
            "amazon_electronics_headphones_17",
            "amazon_electronics_headphones_50",
            "amazon_electronics_cameras_46",
            "amazon_electronics_cameras_50",
            "amazon_electronics_cameras_48",
            "amazon_electronics_cameras_4",
            "amazon_electronics_cameras_43",
            "amazon_electronics_gaming-consoles_35",
            "amazon_electronics_gaming-consoles_12",
            "amazon_electronics_gaming-consoles_26",
            "amazon_electronics_gaming-consoles_6",
            "amazon_electronics_gaming-consoles_10",
            "amazon_electronics_drones_21",
            "amazon_electronics_drones_11",
            "amazon_electronics_drones_43",
            "amazon_electronics_drones_28",
            "amazon_electronics_drones_19",
            "amazon_electronics_power-banks_45",
            "amazon_electronics_power-banks_4",
            "amazon_electronics_power-banks_15",
            "amazon_electronics_power-banks_17",
            "amazon_electronics_power-banks_11",
            "amazon_electronics_smart-home_35",
            "amazon_electronics_smart-home_8",
            "amazon_electronics_smart-home_31",
            "amazon_electronics_smart-home_29",
            "amazon_electronics_smart-home_3"
        ]
    },
    {
        "seller_id": "amazon_seller_electronics_10",
        "seller_name": "Boulanger",
        "store_name": "Boulanger's Store",
        "contact_info": {
            "email": "wilsoncurtis@example.org",
            "phone": "(780)296-4199x9646",
            "address": "62678 Soto Wells Suite 716\nNorth Codytown, KS 75796"
        },
        "performance_metrics": {
            "average_rating": 3.7,
            "total_orders": 529,
            "cancellation_rate": "6%",
            "on_time_delivery_rate": "98%"
        },
        "sellsProducts": [
            "amazon_electronics_smartphones_37",
            "amazon_electronics_smartphones_16",
            "amazon_electronics_smartphones_2",
            "amazon_electronics_smartphones_47",
            "amazon_electronics_smartphones_15",
            "amazon_electronics_laptops_50",
            "amazon_electronics_laptops_10",
            "amazon_electronics_laptops_21",
            "amazon_electronics_laptops_24",
            "amazon_electronics_laptops_14",
            "amazon_electronics_tablets_40",
            "amazon_electronics_tablets_33",
            "amazon_electronics_tablets_32",
            "amazon_electronics_tablets_9",
            "amazon_electronics_tablets_48",
            "amazon_electronics_smartwatches_20",
            "amazon_electronics_smartwatches_12",
            "amazon_electronics_smartwatches_9",
            "amazon_electronics_smartwatches_25",
            "amazon_electronics_smartwatches_31",
            "amazon_electronics_headphones_35",
            "amazon_electronics_headphones_37",
            "amazon_electronics_headphones_2",
            "amazon_electronics_headphones_4",
            "amazon_electronics_headphones_48",
            "amazon_electronics_cameras_10",
            "amazon_electronics_cameras_5",
            "amazon_electronics_cameras_8",
            "amazon_electronics_cameras_17",
            "amazon_electronics_cameras_2",
            "amazon_electronics_gaming-consoles_7",
            "amazon_electronics_gaming-consoles_33",
            "amazon_electronics_gaming-consoles_18",
            "amazon_electronics_gaming-consoles_49",
            "amazon_electronics_gaming-consoles_15",
            "amazon_electronics_drones_32",
            "amazon_electronics_drones_42",
            "amazon_electronics_drones_13",
            "amazon_electronics_drones_37",
            "amazon_electronics_drones_33",
            "amazon_electronics_power-banks_38",
            "amazon_electronics_power-banks_50",
            "amazon_electronics_power-banks_49",
            "amazon_electronics_power-banks_40",
            "amazon_electronics_power-banks_32",
            "amazon_electronics_smart-home_42",
            "amazon_electronics_smart-home_45",
            "amazon_electronics_smart-home_47",
            "amazon_electronics_smart-home_34",
            "amazon_electronics_smart-home_4"
        ]
    }
]